service,zone,weight_kg,price_eur,package_type
EXPRESS_SAVER,3,0.0,9.12,Env
EXPRESS_SAVER,4,0.0,12.62,Env
EXPRESS_SAVER,5,0.0,15.07,Env
EXPRESS_SAVER,8,0.0,23.49,Env
EXPRESS_SAVER,51,0.0,9.67,Env
EXPRESS_SAVER,52,0.0,9.98,Env
EXPRESS_SAVER,505,0.0,91.65,Env
EXPRESS_SAVER,6,0.0,17.51,Env
EXPRESS_SAVER,7,0.0,19.18,Env
EXPRESS_SAVER,8,0.0,23.49,Env
EXPRESS_SAVER,9,0.0,13.21,Env
EXPRESS_SAVER,10,0.0,15.68,Env
EXPRESS_SAVER,11,0.0,18.76,Env
EXPRESS_SAVER,12,0.0,23.2,Env
EXPRESS_SAVER,13,0.0,23.95,Env
EXPRESS_SAVER,703,0.0,91.65,Env
EXPRESS_SAVER,11,0.0,14.43,Env
EXPRESS_SAVER,12,0.0,15.47,Env
EXPRESS_SAVER,13,0.0,15.96,Env
EXPRESS_SAVER,703,0.0,9.16,Env
EXPRESS_SAVER,6,0.5,17.74,Doc
EXPRESS_SAVER,7,0.5,20.11,Doc
EXPRESS_SAVER,8,0.5,24.17,Doc
EXPRESS_SAVER,9,0.5,13.87,Doc
EXPRESS_SAVER,10,0.5,17.2,Doc
EXPRESS_SAVER,11,0.5,18.97,Doc
EXPRESS_SAVER,12,0.5,23.71,Doc
EXPRESS_SAVER,13,0.5,24.52,Doc
EXPRESS_SAVER,703,0.5,106.45,Doc
EXPRESS_SAVER,11,0.5,14.59,Doc
EXPRESS_SAVER,12,0.5,15.8,Doc
EXPRESS_SAVER,13,0.5,16.35,Doc
EXPRESS_SAVER,703,0.5,10.64,Doc
EXPRESS_SAVER,6,1.0,21.04,Doc
EXPRESS_SAVER,7,1.0,22.14,Doc
EXPRESS_SAVER,8,1.0,29.9,Doc
EXPRESS_SAVER,9,1.0,16.97,Doc
EXPRESS_SAVER,10,1.0,20.08,Doc
EXPRESS_SAVER,11,1.0,25.1,Doc
EXPRESS_SAVER,12,1.0,30.94,Doc
EXPRESS_SAVER,13,1.0,31.2,Doc
EXPRESS_SAVER,703,1.0,119.95,Doc
EXPRESS_SAVER,11,1.0,19.3,Doc
EXPRESS_SAVER,12,1.0,20.62,Doc
EXPRESS_SAVER,13,1.0,20.8,Doc
EXPRESS_SAVER,703,1.0,11.99,Doc
EXPRESS_SAVER,6,1.5,23.0,Doc
EXPRESS_SAVER,7,1.5,24.22,Doc
EXPRESS_SAVER,8,1.5,35.63,Doc
EXPRESS_SAVER,9,1.5,18.81,Doc
EXPRESS_SAVER,10,1.5,22.95,Doc
EXPRESS_SAVER,11,1.5,28.76,Doc
EXPRESS_SAVER,12,1.5,35.63,Doc
EXPRESS_SAVER,13,1.5,37.05,Doc
EXPRESS_SAVER,703,1.5,133.45,Doc
EXPRESS_SAVER,11,1.5,22.12,Doc
EXPRESS_SAVER,12,1.5,23.75,Doc
EXPRESS_SAVER,13,1.5,24.7,Doc
EXPRESS_SAVER,703,1.5,13.34,Doc
EXPRESS_SAVER,6,2.0,24.97,Doc
EXPRESS_SAVER,7,2.0,26.25,Doc
EXPRESS_SAVER,8,2.0,41.34,Doc
EXPRESS_SAVER,9,2.0,20.68,Doc
EXPRESS_SAVER,10,2.0,25.82,Doc
EXPRESS_SAVER,11,2.0,32.44,Doc
EXPRESS_SAVER,12,2.0,40.33,Doc
EXPRESS_SAVER,13,2.0,42.9,Doc
EXPRESS_SAVER,703,2.0,147.1,Doc
EXPRESS_SAVER,11,2.0,24.95,Doc
EXPRESS_SAVER,12,2.0,26.89,Doc
EXPRESS_SAVER,13,2.0,28.6,Doc
EXPRESS_SAVER,703,2.0,14.71,Doc
EXPRESS_SAVER,6,2.5,25.99,Doc
EXPRESS_SAVER,7,2.5,28.3,Doc
EXPRESS_SAVER,8,2.5,47.05,Doc
EXPRESS_SAVER,9,2.5,22.51,Doc
EXPRESS_SAVER,10,2.5,28.71,Doc
EXPRESS_SAVER,11,2.5,36.09,Doc
EXPRESS_SAVER,12,2.5,45.04,Doc
EXPRESS_SAVER,13,2.5,48.73,Doc
EXPRESS_SAVER,703,2.5,160.55,Doc
EXPRESS_SAVER,11,2.5,27.76,Doc
EXPRESS_SAVER,12,2.5,30.02,Doc
EXPRESS_SAVER,13,2.5,32.49,Doc
EXPRESS_SAVER,703,2.5,16.05,Doc
EXPRESS_SAVER,3,0.5,8.6,Pkg
EXPRESS_SAVER,4,0.5,8.6,Pkg
EXPRESS_SAVER,5,0.5,15.3,Pkg
EXPRESS_SAVER,8,0.5,20.9,Pkg
EXPRESS_SAVER,51,0.5,11.96,Pkg
EXPRESS_SAVER,52,0.5,11.94,Pkg
EXPRESS_SAVER,505,0.5,119.1,Pkg
EXPRESS_SAVER,6,0.5,21.59,Pkg
EXPRESS_SAVER,7,0.5,24.76,Pkg
EXPRESS_SAVER,8,0.5,20.9,Pkg
EXPRESS_SAVER,9,0.5,14.0,Pkg
EXPRESS_SAVER,10,0.5,14.0,Pkg
EXPRESS_SAVER,11,0.5,20.9,Pkg
EXPRESS_SAVER,12,0.5,20.9,Pkg
EXPRESS_SAVER,13,0.5,20.89,Pkg
EXPRESS_SAVER,703,0.5,20.9,Pkg
EXPRESS_SAVER,11,0.5,19.26,Pkg
EXPRESS_SAVER,12,0.5,20.03,Pkg
EXPRESS_SAVER,13,0.5,20.97,Pkg
EXPRESS_SAVER,703,0.5,13.0,Pkg
EXPRESS_SAVER,3,1.0,8.61,Pkg
EXPRESS_SAVER,4,1.0,8.61,Pkg
EXPRESS_SAVER,5,1.0,17.17,Pkg
EXPRESS_SAVER,8,1.0,20.91,Pkg
EXPRESS_SAVER,51,1.0,12.47,Pkg
EXPRESS_SAVER,52,1.0,14.7,Pkg
EXPRESS_SAVER,505,1.0,132.7,Pkg
EXPRESS_SAVER,6,1.0,25.87,Pkg
EXPRESS_SAVER,7,1.0,27.16,Pkg
EXPRESS_SAVER,8,1.0,20.91,Pkg
EXPRESS_SAVER,9,1.0,13.99,Pkg
EXPRESS_SAVER,10,1.0,13.99,Pkg
EXPRESS_SAVER,11,1.0,20.91,Pkg
EXPRESS_SAVER,12,1.0,20.91,Pkg
EXPRESS_SAVER,13,1.0,20.89,Pkg
EXPRESS_SAVER,703,1.0,20.9,Pkg
EXPRESS_SAVER,11,1.0,22.7,Pkg
EXPRESS_SAVER,12,1.0,24.39,Pkg
EXPRESS_SAVER,13,1.0,25.02,Pkg
EXPRESS_SAVER,703,1.0,14.34,Pkg
EXPRESS_SAVER,3,1.5,10.38,Pkg
EXPRESS_SAVER,4,1.5,10.4,Pkg
EXPRESS_SAVER,5,1.5,19.0,Pkg
EXPRESS_SAVER,8,1.5,26.46,Pkg
EXPRESS_SAVER,51,1.5,12.46,Pkg
EXPRESS_SAVER,52,1.5,16.85,Pkg
EXPRESS_SAVER,505,1.5,146.4,Pkg
EXPRESS_SAVER,6,1.5,27.73,Pkg
EXPRESS_SAVER,7,1.5,29.58,Pkg
EXPRESS_SAVER,8,1.5,26.46,Pkg
EXPRESS_SAVER,9,1.5,26.45,Pkg
EXPRESS_SAVER,10,1.5,26.45,Pkg
EXPRESS_SAVER,11,1.5,26.46,Pkg
EXPRESS_SAVER,12,1.5,26.44,Pkg
EXPRESS_SAVER,13,1.5,26.46,Pkg
EXPRESS_SAVER,703,1.5,26.45,Pkg
EXPRESS_SAVER,11,1.5,25.71,Pkg
EXPRESS_SAVER,12,1.5,27.51,Pkg
EXPRESS_SAVER,13,1.5,29.08,Pkg
EXPRESS_SAVER,703,1.5,15.7,Pkg
EXPRESS_SAVER,3,2.0,10.39,Pkg
EXPRESS_SAVER,4,2.0,10.39,Pkg
EXPRESS_SAVER,5,2.0,20.86,Pkg
EXPRESS_SAVER,8,2.0,26.44,Pkg
EXPRESS_SAVER,51,2.0,13.56,Pkg
EXPRESS_SAVER,52,2.0,19.1,Pkg
EXPRESS_SAVER,505,2.0,160.2,Pkg
EXPRESS_SAVER,6,2.0,29.64,Pkg
EXPRESS_SAVER,7,2.0,31.96,Pkg
EXPRESS_SAVER,8,2.0,26.44,Pkg
EXPRESS_SAVER,9,2.0,26.44,Pkg
EXPRESS_SAVER,10,2.0,26.45,Pkg
EXPRESS_SAVER,11,2.0,26.44,Pkg
EXPRESS_SAVER,12,2.0,26.44,Pkg
EXPRESS_SAVER,13,2.0,26.44,Pkg
EXPRESS_SAVER,703,2.0,26.44,Pkg
EXPRESS_SAVER,11,2.0,28.68,Pkg
EXPRESS_SAVER,12,2.0,30.67,Pkg
EXPRESS_SAVER,13,2.0,33.17,Pkg
EXPRESS_SAVER,703,2.0,17.06,Pkg
EXPRESS_SAVER,3,2.5,10.39,Pkg
EXPRESS_SAVER,4,2.5,10.39,Pkg
EXPRESS_SAVER,5,2.5,22.83,Pkg
EXPRESS_SAVER,8,2.5,26.46,Pkg
EXPRESS_SAVER,51,2.5,13.54,Pkg
EXPRESS_SAVER,52,2.5,21.37,Pkg
EXPRESS_SAVER,505,2.5,173.85,Pkg
EXPRESS_SAVER,6,2.5,30.32,Pkg
EXPRESS_SAVER,7,2.5,34.4,Pkg
EXPRESS_SAVER,8,2.5,26.46,Pkg
EXPRESS_SAVER,9,2.5,26.45,Pkg
EXPRESS_SAVER,10,2.5,26.44,Pkg
EXPRESS_SAVER,11,2.5,26.45,Pkg
EXPRESS_SAVER,12,2.5,26.44,Pkg
EXPRESS_SAVER,13,2.5,26.46,Pkg
EXPRESS_SAVER,703,2.5,26.44,Pkg
EXPRESS_SAVER,11,2.5,31.68,Pkg
EXPRESS_SAVER,12,2.5,33.81,Pkg
EXPRESS_SAVER,13,2.5,37.22,Pkg
EXPRESS_SAVER,703,2.5,18.41,Pkg
EXPRESS_SAVER,3,3.0,10.4,Doc & Pkg
EXPRESS_SAVER,4,3.0,10.4,Doc & Pkg
EXPRESS_SAVER,5,3.0,23.83,Doc & Pkg
EXPRESS_SAVER,8,3.0,26.45,Doc & Pkg
EXPRESS_SAVER,51,3.0,13.55,Doc & Pkg
EXPRESS_SAVER,52,3.0,23.1,Doc & Pkg
EXPRESS_SAVER,505,3.0,178.65,Doc & Pkg
EXPRESS_SAVER,6,3.0,31.0,Doc & Pkg
EXPRESS_SAVER,7,3.0,34.91,Doc & Pkg
EXPRESS_SAVER,8,3.0,26.45,Doc & Pkg
EXPRESS_SAVER,9,3.0,26.44,Doc & Pkg
EXPRESS_SAVER,10,3.0,26.45,Doc & Pkg
EXPRESS_SAVER,11,3.0,26.45,Doc & Pkg
EXPRESS_SAVER,12,3.0,26.45,Doc & Pkg
EXPRESS_SAVER,13,3.0,26.46,Doc & Pkg
EXPRESS_SAVER,703,3.0,26.45,Doc & Pkg
EXPRESS_SAVER,11,3.0,33.65,Doc & Pkg
EXPRESS_SAVER,12,3.0,36.88,Doc & Pkg
EXPRESS_SAVER,13,3.0,39.79,Doc & Pkg
EXPRESS_SAVER,703,3.0,18.88,Doc & Pkg
EXPRESS_SAVER,3,3.5,10.39,Doc & Pkg
EXPRESS_SAVER,4,3.5,10.38,Doc & Pkg
EXPRESS_SAVER,5,3.5,24.82,Doc & Pkg
EXPRESS_SAVER,8,3.5,57.45,Doc & Pkg
EXPRESS_SAVER,51,3.5,24.78,Doc & Pkg
EXPRESS_SAVER,52,3.5,25.48,Doc & Pkg
EXPRESS_SAVER,505,3.5,183.8,Doc & Pkg
EXPRESS_SAVER,6,3.5,31.69,Doc & Pkg
EXPRESS_SAVER,7,3.5,35.46,Doc & Pkg
EXPRESS_SAVER,8,3.5,57.45,Doc & Pkg
EXPRESS_SAVER,9,3.5,27.97,Doc & Pkg
EXPRESS_SAVER,10,3.5,31.35,Doc & Pkg
EXPRESS_SAVER,11,3.5,46.23,Doc & Pkg
EXPRESS_SAVER,12,3.5,59.4,Doc & Pkg
EXPRESS_SAVER,13,3.5,63.58,Doc & Pkg
EXPRESS_SAVER,703,3.5,19.39,Doc & Pkg
EXPRESS_SAVER,11,3.5,35.56,Doc & Pkg
EXPRESS_SAVER,12,3.5,39.6,Doc & Pkg
EXPRESS_SAVER,13,3.5,42.39,Doc & Pkg
EXPRESS_SAVER,703,3.5,19.39,Doc & Pkg
EXPRESS_SAVER,3,4.0,10.39,Doc & Pkg
EXPRESS_SAVER,4,4.0,10.38,Doc & Pkg
EXPRESS_SAVER,5,4.0,25.83,Doc & Pkg
EXPRESS_SAVER,8,4.0,60.94,Doc & Pkg
EXPRESS_SAVER,51,4.0,26.82,Doc & Pkg
EXPRESS_SAVER,52,4.0,27.87,Doc & Pkg
EXPRESS_SAVER,505,4.0,188.65,Doc & Pkg
EXPRESS_SAVER,6,4.0,32.38,Doc & Pkg
EXPRESS_SAVER,7,4.0,36.03,Doc & Pkg
EXPRESS_SAVER,8,4.0,60.94,Doc & Pkg
EXPRESS_SAVER,9,4.0,28.82,Doc & Pkg
EXPRESS_SAVER,10,4.0,32.47,Doc & Pkg
EXPRESS_SAVER,11,4.0,48.74,Doc & Pkg
EXPRESS_SAVER,12,4.0,63.48,Doc & Pkg
EXPRESS_SAVER,13,4.0,67.45,Doc & Pkg
EXPRESS_SAVER,703,4.0,19.87,Doc & Pkg
EXPRESS_SAVER,11,4.0,37.49,Doc & Pkg
EXPRESS_SAVER,12,4.0,42.32,Doc & Pkg
EXPRESS_SAVER,13,4.0,44.97,Doc & Pkg
EXPRESS_SAVER,703,4.0,19.87,Doc & Pkg
EXPRESS_SAVER,3,4.5,10.4,Doc & Pkg
EXPRESS_SAVER,4,4.5,10.38,Doc & Pkg
EXPRESS_SAVER,5,4.5,26.83,Doc & Pkg
EXPRESS_SAVER,8,4.5,64.48,Doc & Pkg
EXPRESS_SAVER,51,4.5,28.86,Doc & Pkg
EXPRESS_SAVER,52,4.5,30.26,Doc & Pkg
EXPRESS_SAVER,505,4.5,193.65,Doc & Pkg
EXPRESS_SAVER,6,4.5,33.09,Doc & Pkg
EXPRESS_SAVER,7,4.5,36.58,Doc & Pkg
EXPRESS_SAVER,8,4.5,64.48,Doc & Pkg
EXPRESS_SAVER,9,4.5,29.67,Doc & Pkg
EXPRESS_SAVER,10,4.5,33.6,Doc & Pkg
EXPRESS_SAVER,11,4.5,51.22,Doc & Pkg
EXPRESS_SAVER,12,4.5,67.56,Doc & Pkg
EXPRESS_SAVER,13,4.5,71.35,Doc & Pkg
EXPRESS_SAVER,703,4.5,20.36,Doc & Pkg
EXPRESS_SAVER,11,4.5,39.4,Doc & Pkg
EXPRESS_SAVER,12,4.5,45.04,Doc & Pkg
EXPRESS_SAVER,13,4.5,47.56,Doc & Pkg
EXPRESS_SAVER,703,4.5,20.36,Doc & Pkg
EXPRESS_SAVER,3,5.0,10.4,Doc & Pkg
EXPRESS_SAVER,4,5.0,10.39,Doc & Pkg
EXPRESS_SAVER,5,5.0,27.82,Doc & Pkg
EXPRESS_SAVER,8,5.0,68.01,Doc & Pkg
EXPRESS_SAVER,51,5.0,30.91,Doc & Pkg
EXPRESS_SAVER,52,5.0,32.64,Doc & Pkg
EXPRESS_SAVER,505,5.0,198.5,Doc & Pkg
EXPRESS_SAVER,6,5.0,33.79,Doc & Pkg
EXPRESS_SAVER,7,5.0,37.15,Doc & Pkg
EXPRESS_SAVER,8,5.0,68.01,Doc & Pkg
EXPRESS_SAVER,9,5.0,30.51,Doc & Pkg
EXPRESS_SAVER,10,5.0,34.69,Doc & Pkg
EXPRESS_SAVER,11,5.0,53.72,Doc & Pkg
EXPRESS_SAVER,12,5.0,71.65,Doc & Pkg
EXPRESS_SAVER,13,5.0,75.24,Doc & Pkg
EXPRESS_SAVER,703,5.0,20.84,Doc & Pkg
EXPRESS_SAVER,11,5.0,41.32,Doc & Pkg
EXPRESS_SAVER,12,5.0,47.77,Doc & Pkg
EXPRESS_SAVER,13,5.0,50.16,Doc & Pkg
EXPRESS_SAVER,703,5.0,20.84,Doc & Pkg
EXPRESS_SAVER,3,5.5,13.3,Doc & Pkg
EXPRESS_SAVER,4,5.5,13.3,Doc & Pkg
EXPRESS_SAVER,5,5.5,28.82,Doc & Pkg
EXPRESS_SAVER,8,5.5,71.54,Doc & Pkg
EXPRESS_SAVER,51,5.5,32.65,Doc & Pkg
EXPRESS_SAVER,52,5.5,34.48,Doc & Pkg
EXPRESS_SAVER,505,5.5,205.35,Doc & Pkg
EXPRESS_SAVER,6,5.5,34.52,Doc & Pkg
EXPRESS_SAVER,7,5.5,37.7,Doc & Pkg
EXPRESS_SAVER,8,5.5,71.54,Doc & Pkg
EXPRESS_SAVER,9,5.5,31.35,Doc & Pkg
EXPRESS_SAVER,10,5.5,35.82,Doc & Pkg
EXPRESS_SAVER,11,5.5,56.21,Doc & Pkg
EXPRESS_SAVER,12,5.5,75.19,Doc & Pkg
EXPRESS_SAVER,13,5.5,79.12,Doc & Pkg
EXPRESS_SAVER,703,5.5,21.51,Doc & Pkg
EXPRESS_SAVER,11,5.5,43.23,Doc & Pkg
EXPRESS_SAVER,12,5.5,50.12,Doc & Pkg
EXPRESS_SAVER,13,5.5,52.74,Doc & Pkg
EXPRESS_SAVER,703,5.5,21.51,Doc & Pkg
EXPRESS_SAVER,3,6.0,13.29,Doc & Pkg
EXPRESS_SAVER,4,6.0,13.31,Doc & Pkg
EXPRESS_SAVER,5,6.0,29.83,Doc & Pkg
EXPRESS_SAVER,8,6.0,75.1,Doc & Pkg
EXPRESS_SAVER,51,6.0,34.4,Doc & Pkg
EXPRESS_SAVER,52,6.0,36.31,Doc & Pkg
EXPRESS_SAVER,505,6.0,211.95,Doc & Pkg
EXPRESS_SAVER,6,6.0,35.25,Doc & Pkg
EXPRESS_SAVER,7,6.0,38.27,Doc & Pkg
EXPRESS_SAVER,8,6.0,75.1,Doc & Pkg
EXPRESS_SAVER,9,6.0,32.23,Doc & Pkg
EXPRESS_SAVER,10,6.0,36.95,Doc & Pkg
EXPRESS_SAVER,11,6.0,58.69,Doc & Pkg
EXPRESS_SAVER,12,6.0,78.72,Doc & Pkg
EXPRESS_SAVER,13,6.0,82.98,Doc & Pkg
EXPRESS_SAVER,703,6.0,22.17,Doc & Pkg
EXPRESS_SAVER,11,6.0,45.14,Doc & Pkg
EXPRESS_SAVER,12,6.0,52.48,Doc & Pkg
EXPRESS_SAVER,13,6.0,55.32,Doc & Pkg
EXPRESS_SAVER,703,6.0,22.17,Doc & Pkg
EXPRESS_SAVER,3,6.5,13.3,Doc & Pkg
EXPRESS_SAVER,4,6.5,13.31,Doc & Pkg
EXPRESS_SAVER,5,6.5,30.8,Doc & Pkg
EXPRESS_SAVER,8,6.5,78.62,Doc & Pkg
EXPRESS_SAVER,51,6.5,36.12,Doc & Pkg
EXPRESS_SAVER,52,6.5,38.14,Doc & Pkg
EXPRESS_SAVER,505,6.5,218.55,Doc & Pkg
EXPRESS_SAVER,6,6.5,35.97,Doc & Pkg
EXPRESS_SAVER,7,6.5,38.83,Doc & Pkg
EXPRESS_SAVER,8,6.5,78.62,Doc & Pkg
EXPRESS_SAVER,9,6.5,33.07,Doc & Pkg
EXPRESS_SAVER,10,6.5,38.07,Doc & Pkg
EXPRESS_SAVER,11,6.5,61.18,Doc & Pkg
EXPRESS_SAVER,12,6.5,82.24,Doc & Pkg
EXPRESS_SAVER,13,6.5,86.87,Doc & Pkg
EXPRESS_SAVER,703,6.5,22.82,Doc & Pkg
EXPRESS_SAVER,11,6.5,47.06,Doc & Pkg
EXPRESS_SAVER,12,6.5,54.83,Doc & Pkg
EXPRESS_SAVER,13,6.5,57.91,Doc & Pkg
EXPRESS_SAVER,703,6.5,22.82,Doc & Pkg
EXPRESS_SAVER,3,7.0,13.3,Doc & Pkg
EXPRESS_SAVER,4,7.0,13.31,Doc & Pkg
EXPRESS_SAVER,5,7.0,31.8,Doc & Pkg
EXPRESS_SAVER,8,7.0,82.15,Doc & Pkg
EXPRESS_SAVER,51,7.0,37.86,Doc & Pkg
EXPRESS_SAVER,52,7.0,39.98,Doc & Pkg
EXPRESS_SAVER,505,7.0,225.4,Doc & Pkg
EXPRESS_SAVER,6,7.0,36.7,Doc & Pkg
EXPRESS_SAVER,7,7.0,39.37,Doc & Pkg
EXPRESS_SAVER,8,7.0,82.15,Doc & Pkg
EXPRESS_SAVER,9,7.0,33.94,Doc & Pkg
EXPRESS_SAVER,10,7.0,39.17,Doc & Pkg
EXPRESS_SAVER,11,7.0,63.67,Doc & Pkg
EXPRESS_SAVER,12,7.0,85.79,Doc & Pkg
EXPRESS_SAVER,13,7.0,90.75,Doc & Pkg
EXPRESS_SAVER,703,7.0,23.5,Doc & Pkg
EXPRESS_SAVER,11,7.0,48.97,Doc & Pkg
EXPRESS_SAVER,12,7.0,57.19,Doc & Pkg
EXPRESS_SAVER,13,7.0,60.5,Doc & Pkg
EXPRESS_SAVER,703,7.0,23.5,Doc & Pkg
EXPRESS_SAVER,3,7.5,13.31,Doc & Pkg
EXPRESS_SAVER,4,7.5,13.3,Doc & Pkg
EXPRESS_SAVER,5,7.5,32.82,Doc & Pkg
EXPRESS_SAVER,8,7.5,85.68,Doc & Pkg
EXPRESS_SAVER,51,7.5,39.61,Doc & Pkg
EXPRESS_SAVER,52,7.5,41.79,Doc & Pkg
EXPRESS_SAVER,505,7.5,232.05,Doc & Pkg
EXPRESS_SAVER,6,7.5,37.43,Doc & Pkg
EXPRESS_SAVER,7,7.5,39.97,Doc & Pkg
EXPRESS_SAVER,8,7.5,85.68,Doc & Pkg
EXPRESS_SAVER,9,7.5,34.79,Doc & Pkg
EXPRESS_SAVER,10,7.5,40.29,Doc & Pkg
EXPRESS_SAVER,11,7.5,66.18,Doc & Pkg
EXPRESS_SAVER,12,7.5,89.32,Doc & Pkg
EXPRESS_SAVER,13,7.5,94.63,Doc & Pkg
EXPRESS_SAVER,703,7.5,24.16,Doc & Pkg
EXPRESS_SAVER,11,7.5,50.91,Doc & Pkg
EXPRESS_SAVER,12,7.5,59.54,Doc & Pkg
EXPRESS_SAVER,13,7.5,63.08,Doc & Pkg
EXPRESS_SAVER,703,7.5,24.16,Doc & Pkg
EXPRESS_SAVER,3,8.0,13.29,Doc & Pkg
EXPRESS_SAVER,4,8.0,13.29,Doc & Pkg
EXPRESS_SAVER,5,8.0,33.81,Doc & Pkg
EXPRESS_SAVER,8,8.0,89.21,Doc & Pkg
EXPRESS_SAVER,51,8.0,41.34,Doc & Pkg
EXPRESS_SAVER,52,8.0,43.64,Doc & Pkg
EXPRESS_SAVER,505,8.0,238.95,Doc & Pkg
EXPRESS_SAVER,6,8.0,38.16,Doc & Pkg
EXPRESS_SAVER,7,8.0,40.49,Doc & Pkg
EXPRESS_SAVER,8,8.0,89.21,Doc & Pkg
EXPRESS_SAVER,9,8.0,35.67,Doc & Pkg
EXPRESS_SAVER,10,8.0,41.41,Doc & Pkg
EXPRESS_SAVER,11,8.0,68.64,Doc & Pkg
EXPRESS_SAVER,12,8.0,92.86,Doc & Pkg
EXPRESS_SAVER,13,8.0,98.53,Doc & Pkg
EXPRESS_SAVER,703,8.0,24.84,Doc & Pkg
EXPRESS_SAVER,11,8.0,52.8,Doc & Pkg
EXPRESS_SAVER,12,8.0,61.91,Doc & Pkg
EXPRESS_SAVER,13,8.0,65.68,Doc & Pkg
EXPRESS_SAVER,703,8.0,24.84,Doc & Pkg
EXPRESS_SAVER,3,8.5,13.3,Doc & Pkg
EXPRESS_SAVER,4,8.5,13.31,Doc & Pkg
EXPRESS_SAVER,5,8.5,34.8,Doc & Pkg
EXPRESS_SAVER,8,8.5,92.74,Doc & Pkg
EXPRESS_SAVER,51,8.5,43.08,Doc & Pkg
EXPRESS_SAVER,52,8.5,45.47,Doc & Pkg
EXPRESS_SAVER,505,8.5,245.35,Doc & Pkg
EXPRESS_SAVER,6,8.5,38.91,Doc & Pkg
EXPRESS_SAVER,7,8.5,41.05,Doc & Pkg
EXPRESS_SAVER,8,8.5,92.74,Doc & Pkg
EXPRESS_SAVER,9,8.5,36.49,Doc & Pkg
EXPRESS_SAVER,10,8.5,42.53,Doc & Pkg
EXPRESS_SAVER,11,8.5,71.14,Doc & Pkg
EXPRESS_SAVER,12,8.5,96.42,Doc & Pkg
EXPRESS_SAVER,13,8.5,102.41,Doc & Pkg
EXPRESS_SAVER,703,8.5,25.47,Doc & Pkg
EXPRESS_SAVER,11,8.5,54.72,Doc & Pkg
EXPRESS_SAVER,12,8.5,64.28,Doc & Pkg
EXPRESS_SAVER,13,8.5,68.27,Doc & Pkg
EXPRESS_SAVER,703,8.5,25.47,Doc & Pkg
EXPRESS_SAVER,3,9.0,13.31,Doc & Pkg
EXPRESS_SAVER,4,9.0,13.3,Doc & Pkg
EXPRESS_SAVER,5,9.0,35.81,Doc & Pkg
EXPRESS_SAVER,8,9.0,96.28,Doc & Pkg
EXPRESS_SAVER,51,9.0,44.81,Doc & Pkg
EXPRESS_SAVER,52,9.0,47.29,Doc & Pkg
EXPRESS_SAVER,505,9.0,252.15,Doc & Pkg
EXPRESS_SAVER,6,9.0,39.63,Doc & Pkg
EXPRESS_SAVER,7,9.0,41.6,Doc & Pkg
EXPRESS_SAVER,8,9.0,96.28,Doc & Pkg
EXPRESS_SAVER,9,9.0,37.36,Doc & Pkg
EXPRESS_SAVER,10,9.0,43.63,Doc & Pkg
EXPRESS_SAVER,11,9.0,73.63,Doc & Pkg
EXPRESS_SAVER,12,9.0,99.94,Doc & Pkg
EXPRESS_SAVER,13,9.0,106.3,Doc & Pkg
EXPRESS_SAVER,703,9.0,26.14,Doc & Pkg
EXPRESS_SAVER,11,9.0,56.64,Doc & Pkg
EXPRESS_SAVER,12,9.0,66.63,Doc & Pkg
EXPRESS_SAVER,13,9.0,70.87,Doc & Pkg
EXPRESS_SAVER,703,9.0,26.14,Doc & Pkg
EXPRESS_SAVER,3,9.5,13.3,Doc & Pkg
EXPRESS_SAVER,4,9.5,13.3,Doc & Pkg
EXPRESS_SAVER,5,9.5,36.84,Doc & Pkg
EXPRESS_SAVER,8,9.5,99.83,Doc & Pkg
EXPRESS_SAVER,51,9.5,46.55,Doc & Pkg
EXPRESS_SAVER,52,9.5,49.12,Doc & Pkg
EXPRESS_SAVER,505,9.5,259.0,Doc & Pkg
EXPRESS_SAVER,6,9.5,40.34,Doc & Pkg
EXPRESS_SAVER,7,9.5,42.17,Doc & Pkg
EXPRESS_SAVER,8,9.5,99.83,Doc & Pkg
EXPRESS_SAVER,9,9.5,38.21,Doc & Pkg
EXPRESS_SAVER,10,9.5,44.78,Doc & Pkg
EXPRESS_SAVER,11,9.5,76.11,Doc & Pkg
EXPRESS_SAVER,12,9.5,103.47,Doc & Pkg
EXPRESS_SAVER,13,9.5,110.16,Doc & Pkg
EXPRESS_SAVER,703,9.5,26.82,Doc & Pkg
EXPRESS_SAVER,11,9.5,58.54,Doc & Pkg
EXPRESS_SAVER,12,9.5,68.98,Doc & Pkg
EXPRESS_SAVER,13,9.5,73.44,Doc & Pkg
EXPRESS_SAVER,703,9.5,26.82,Doc & Pkg
EXPRESS_SAVER,3,10.0,13.31,Doc & Pkg
EXPRESS_SAVER,4,10.0,13.3,Doc & Pkg
EXPRESS_SAVER,5,10.0,37.81,Doc & Pkg
EXPRESS_SAVER,8,10.0,103.35,Doc & Pkg
EXPRESS_SAVER,51,10.0,48.28,Doc & Pkg
EXPRESS_SAVER,52,10.0,50.96,Doc & Pkg
EXPRESS_SAVER,505,10.0,265.7,Doc & Pkg
EXPRESS_SAVER,6,10.0,41.08,Doc & Pkg
EXPRESS_SAVER,7,10.0,42.73,Doc & Pkg
EXPRESS_SAVER,8,10.0,103.35,Doc & Pkg
EXPRESS_SAVER,9,10.0,39.08,Doc & Pkg
EXPRESS_SAVER,10,10.0,45.88,Doc & Pkg
EXPRESS_SAVER,11,10.0,78.6,Doc & Pkg
EXPRESS_SAVER,12,10.0,107.0,Doc & Pkg
EXPRESS_SAVER,13,10.0,114.05,Doc & Pkg
EXPRESS_SAVER,703,10.0,27.48,Doc & Pkg
EXPRESS_SAVER,11,10.0,60.46,Doc & Pkg
EXPRESS_SAVER,12,10.0,71.33,Doc & Pkg
EXPRESS_SAVER,13,10.0,76.03,Doc & Pkg
EXPRESS_SAVER,703,10.0,27.48,Doc & Pkg
EXPRESS_SAVER,3,11.0,25.99,Doc & Pkg
EXPRESS_SAVER,4,11.0,38.58,Doc & Pkg
EXPRESS_SAVER,5,11.0,39.58,Doc & Pkg
EXPRESS_SAVER,8,11.0,111.25,Doc & Pkg
EXPRESS_SAVER,51,11.0,52.39,Doc & Pkg
EXPRESS_SAVER,52,11.0,54.48,Doc & Pkg
EXPRESS_SAVER,505,11.0,275.65,Doc & Pkg
EXPRESS_SAVER,6,11.0,43.3,Doc & Pkg
EXPRESS_SAVER,7,11.0,45.55,Doc & Pkg
EXPRESS_SAVER,8,11.0,111.25,Doc & Pkg
EXPRESS_SAVER,9,11.0,40.7,Doc & Pkg
EXPRESS_SAVER,10,11.0,48.88,Doc & Pkg
EXPRESS_SAVER,11,11.0,84.03,Doc & Pkg
EXPRESS_SAVER,12,11.0,114.43,Doc & Pkg
EXPRESS_SAVER,13,11.0,123.08,Doc & Pkg
EXPRESS_SAVER,703,11.0,28.47,Doc & Pkg
EXPRESS_SAVER,11,11.0,64.63,Doc & Pkg
EXPRESS_SAVER,12,11.0,76.28,Doc & Pkg
EXPRESS_SAVER,13,11.0,82.05,Doc & Pkg
EXPRESS_SAVER,703,11.0,28.47,Doc & Pkg
EXPRESS_SAVER,3,12.0,26.99,Doc & Pkg
EXPRESS_SAVER,4,12.0,40.31,Doc & Pkg
EXPRESS_SAVER,5,12.0,41.35,Doc & Pkg
EXPRESS_SAVER,8,12.0,119.16,Doc & Pkg
EXPRESS_SAVER,51,12.0,55.85,Doc & Pkg
EXPRESS_SAVER,52,12.0,58.08,Doc & Pkg
EXPRESS_SAVER,505,12.0,285.8,Doc & Pkg
EXPRESS_SAVER,6,12.0,45.52,Doc & Pkg
EXPRESS_SAVER,7,12.0,48.36,Doc & Pkg
EXPRESS_SAVER,8,12.0,119.16,Doc & Pkg
EXPRESS_SAVER,9,12.0,42.62,Doc & Pkg
EXPRESS_SAVER,10,12.0,51.88,Doc & Pkg
EXPRESS_SAVER,11,12.0,89.55,Doc & Pkg
EXPRESS_SAVER,12,12.0,122.49,Doc & Pkg
EXPRESS_SAVER,13,12.0,132.11,Doc & Pkg
EXPRESS_SAVER,703,12.0,29.47,Doc & Pkg
EXPRESS_SAVER,11,12.0,68.88,Doc & Pkg
EXPRESS_SAVER,12,12.0,81.66,Doc & Pkg
EXPRESS_SAVER,13,12.0,88.07,Doc & Pkg
EXPRESS_SAVER,703,12.0,29.47,Doc & Pkg
EXPRESS_SAVER,3,13.0,27.99,Doc & Pkg
EXPRESS_SAVER,4,13.0,42.0,Doc & Pkg
EXPRESS_SAVER,5,13.0,43.14,Doc & Pkg
EXPRESS_SAVER,8,13.0,127.04,Doc & Pkg
EXPRESS_SAVER,51,13.0,59.29,Doc & Pkg
EXPRESS_SAVER,52,13.0,61.69,Doc & Pkg
EXPRESS_SAVER,505,13.0,296.0,Doc & Pkg
EXPRESS_SAVER,6,13.0,47.71,Doc & Pkg
EXPRESS_SAVER,7,13.0,51.21,Doc & Pkg
EXPRESS_SAVER,8,13.0,127.04,Doc & Pkg
EXPRESS_SAVER,9,13.0,44.57,Doc & Pkg
EXPRESS_SAVER,10,13.0,54.85,Doc & Pkg
EXPRESS_SAVER,11,13.0,95.07,Doc & Pkg
EXPRESS_SAVER,12,13.0,130.59,Doc & Pkg
EXPRESS_SAVER,13,13.0,141.12,Doc & Pkg
EXPRESS_SAVER,703,13.0,30.47,Doc & Pkg
EXPRESS_SAVER,11,13.0,73.13,Doc & Pkg
EXPRESS_SAVER,12,13.0,87.06,Doc & Pkg
EXPRESS_SAVER,13,13.0,94.08,Doc & Pkg
EXPRESS_SAVER,703,13.0,30.47,Doc & Pkg
EXPRESS_SAVER,3,14.0,28.99,Doc & Pkg
EXPRESS_SAVER,4,14.0,43.76,Doc & Pkg
EXPRESS_SAVER,5,14.0,44.92,Doc & Pkg
EXPRESS_SAVER,8,14.0,134.95,Doc & Pkg
EXPRESS_SAVER,51,14.0,62.74,Doc & Pkg
EXPRESS_SAVER,52,14.0,65.29,Doc & Pkg
EXPRESS_SAVER,505,14.0,306.25,Doc & Pkg
EXPRESS_SAVER,6,14.0,49.93,Doc & Pkg
EXPRESS_SAVER,7,14.0,54.03,Doc & Pkg
EXPRESS_SAVER,8,14.0,134.95,Doc & Pkg
EXPRESS_SAVER,9,14.0,46.51,Doc & Pkg
EXPRESS_SAVER,10,14.0,57.85,Doc & Pkg
EXPRESS_SAVER,11,14.0,100.6,Doc & Pkg
EXPRESS_SAVER,12,14.0,138.69,Doc & Pkg
EXPRESS_SAVER,13,14.0,150.17,Doc & Pkg
EXPRESS_SAVER,703,14.0,31.49,Doc & Pkg
EXPRESS_SAVER,11,14.0,77.38,Doc & Pkg
EXPRESS_SAVER,12,14.0,92.46,Doc & Pkg
EXPRESS_SAVER,13,14.0,100.11,Doc & Pkg
EXPRESS_SAVER,703,14.0,31.49,Doc & Pkg
EXPRESS_SAVER,3,15.0,29.97,Doc & Pkg
EXPRESS_SAVER,4,15.0,45.47,Doc & Pkg
EXPRESS_SAVER,5,15.0,46.67,Doc & Pkg
EXPRESS_SAVER,8,15.0,142.83,Doc & Pkg
EXPRESS_SAVER,51,15.0,66.2,Doc & Pkg
EXPRESS_SAVER,52,15.0,68.92,Doc & Pkg
EXPRESS_SAVER,505,15.0,316.15,Doc & Pkg
EXPRESS_SAVER,6,15.0,52.13,Doc & Pkg
EXPRESS_SAVER,7,15.0,56.89,Doc & Pkg
EXPRESS_SAVER,8,15.0,142.83,Doc & Pkg
EXPRESS_SAVER,9,15.0,48.47,Doc & Pkg
EXPRESS_SAVER,10,15.0,60.83,Doc & Pkg
EXPRESS_SAVER,11,15.0,106.14,Doc & Pkg
EXPRESS_SAVER,12,15.0,146.8,Doc & Pkg
EXPRESS_SAVER,13,15.0,159.16,Doc & Pkg
EXPRESS_SAVER,703,15.0,32.47,Doc & Pkg
EXPRESS_SAVER,11,15.0,81.64,Doc & Pkg
EXPRESS_SAVER,12,15.0,97.86,Doc & Pkg
EXPRESS_SAVER,13,15.0,106.11,Doc & Pkg
EXPRESS_SAVER,703,15.0,32.47,Doc & Pkg
EXPRESS_SAVER,3,16.0,37.19,Doc & Pkg
EXPRESS_SAVER,4,16.0,54.46,Doc & Pkg
EXPRESS_SAVER,5,16.0,55.9,Doc & Pkg
EXPRESS_SAVER,8,16.0,170.85,Doc & Pkg
EXPRESS_SAVER,51,16.0,87.04,Doc & Pkg
EXPRESS_SAVER,52,16.0,90.66,Doc & Pkg
EXPRESS_SAVER,505,16.0,326.6,Doc & Pkg
EXPRESS_SAVER,6,16.0,61.6,Doc & Pkg
EXPRESS_SAVER,7,16.0,67.64,Doc & Pkg
EXPRESS_SAVER,8,16.0,170.85,Doc & Pkg
EXPRESS_SAVER,9,16.0,58.16,Doc & Pkg
EXPRESS_SAVER,10,16.0,73.69,Doc & Pkg
EXPRESS_SAVER,11,16.0,128.85,Doc & Pkg
EXPRESS_SAVER,12,16.0,175.54,Doc & Pkg
EXPRESS_SAVER,13,16.0,190.64,Doc & Pkg
EXPRESS_SAVER,703,16.0,40.2,Doc & Pkg
EXPRESS_SAVER,11,16.0,103.08,Doc & Pkg
EXPRESS_SAVER,12,16.0,123.91,Doc & Pkg
EXPRESS_SAVER,13,16.0,134.57,Doc & Pkg
EXPRESS_SAVER,703,16.0,40.2,Doc & Pkg
EXPRESS_SAVER,3,17.0,38.37,Doc & Pkg
EXPRESS_SAVER,4,17.0,56.46,Doc & Pkg
EXPRESS_SAVER,5,17.0,57.96,Doc & Pkg
EXPRESS_SAVER,8,17.0,179.76,Doc & Pkg
EXPRESS_SAVER,51,17.0,91.36,Doc & Pkg
EXPRESS_SAVER,52,17.0,95.16,Doc & Pkg
EXPRESS_SAVER,505,17.0,336.55,Doc & Pkg
EXPRESS_SAVER,6,17.0,64.12,Doc & Pkg
EXPRESS_SAVER,7,17.0,70.86,Doc & Pkg
EXPRESS_SAVER,8,17.0,179.76,Doc & Pkg
EXPRESS_SAVER,9,17.0,60.42,Doc & Pkg
EXPRESS_SAVER,10,17.0,77.11,Doc & Pkg
EXPRESS_SAVER,11,17.0,135.22,Doc & Pkg
EXPRESS_SAVER,12,17.0,184.71,Doc & Pkg
EXPRESS_SAVER,13,17.0,200.86,Doc & Pkg
EXPRESS_SAVER,703,17.0,41.38,Doc & Pkg
EXPRESS_SAVER,11,17.0,108.18,Doc & Pkg
EXPRESS_SAVER,12,17.0,130.39,Doc & Pkg
EXPRESS_SAVER,13,17.0,141.79,Doc & Pkg
EXPRESS_SAVER,703,17.0,41.38,Doc & Pkg
EXPRESS_SAVER,3,18.0,39.57,Doc & Pkg
EXPRESS_SAVER,4,18.0,58.45,Doc & Pkg
EXPRESS_SAVER,5,18.0,60.01,Doc & Pkg
EXPRESS_SAVER,8,18.0,188.72,Doc & Pkg
EXPRESS_SAVER,51,18.0,95.66,Doc & Pkg
EXPRESS_SAVER,52,18.0,99.68,Doc & Pkg
EXPRESS_SAVER,505,18.0,346.7,Doc & Pkg
EXPRESS_SAVER,6,18.0,66.62,Doc & Pkg
EXPRESS_SAVER,7,18.0,74.09,Doc & Pkg
EXPRESS_SAVER,8,18.0,188.72,Doc & Pkg
EXPRESS_SAVER,9,18.0,62.65,Doc & Pkg
EXPRESS_SAVER,10,18.0,80.56,Doc & Pkg
EXPRESS_SAVER,11,18.0,141.58,Doc & Pkg
EXPRESS_SAVER,12,18.0,193.92,Doc & Pkg
EXPRESS_SAVER,13,18.0,211.11,Doc & Pkg
EXPRESS_SAVER,703,18.0,42.58,Doc & Pkg
EXPRESS_SAVER,11,18.0,113.26,Doc & Pkg
EXPRESS_SAVER,12,18.0,136.88,Doc & Pkg
EXPRESS_SAVER,13,18.0,149.02,Doc & Pkg
EXPRESS_SAVER,703,18.0,42.58,Doc & Pkg
EXPRESS_SAVER,3,19.0,40.77,Doc & Pkg
EXPRESS_SAVER,4,19.0,60.46,Doc & Pkg
EXPRESS_SAVER,5,19.0,62.05,Doc & Pkg
EXPRESS_SAVER,8,19.0,197.68,Doc & Pkg
EXPRESS_SAVER,51,19.0,99.98,Doc & Pkg
EXPRESS_SAVER,52,19.0,104.2,Doc & Pkg
EXPRESS_SAVER,505,19.0,356.9,Doc & Pkg
EXPRESS_SAVER,6,19.0,69.14,Doc & Pkg
EXPRESS_SAVER,7,19.0,77.26,Doc & Pkg
EXPRESS_SAVER,8,19.0,197.68,Doc & Pkg
EXPRESS_SAVER,9,19.0,64.88,Doc & Pkg
EXPRESS_SAVER,10,19.0,84.0,Doc & Pkg
EXPRESS_SAVER,11,19.0,147.99,Doc & Pkg
EXPRESS_SAVER,12,19.0,203.06,Doc & Pkg
EXPRESS_SAVER,13,19.0,221.33,Doc & Pkg
EXPRESS_SAVER,703,19.0,43.79,Doc & Pkg
EXPRESS_SAVER,11,19.0,118.39,Doc & Pkg
EXPRESS_SAVER,12,19.0,143.34,Doc & Pkg
EXPRESS_SAVER,13,19.0,156.23,Doc & Pkg
EXPRESS_SAVER,703,19.0,43.79,Doc & Pkg
EXPRESS_SAVER,3,20.0,41.96,Doc & Pkg
EXPRESS_SAVER,4,20.0,62.41,Doc & Pkg
EXPRESS_SAVER,5,20.0,64.1,Doc & Pkg
EXPRESS_SAVER,8,20.0,206.63,Doc & Pkg
EXPRESS_SAVER,51,20.0,104.28,Doc & Pkg
EXPRESS_SAVER,52,20.0,108.71,Doc & Pkg
EXPRESS_SAVER,505,20.0,366.95,Doc & Pkg
EXPRESS_SAVER,6,20.0,71.63,Doc & Pkg
EXPRESS_SAVER,7,20.0,80.48,Doc & Pkg
EXPRESS_SAVER,8,20.0,206.63,Doc & Pkg
EXPRESS_SAVER,9,20.0,67.13,Doc & Pkg
EXPRESS_SAVER,10,20.0,87.47,Doc & Pkg
EXPRESS_SAVER,11,20.0,154.36,Doc & Pkg
EXPRESS_SAVER,12,20.0,212.24,Doc & Pkg
EXPRESS_SAVER,13,20.0,231.57,Doc & Pkg
EXPRESS_SAVER,703,20.0,44.99,Doc & Pkg
EXPRESS_SAVER,11,20.0,123.49,Doc & Pkg
EXPRESS_SAVER,12,20.0,149.81,Doc & Pkg
EXPRESS_SAVER,13,20.0,163.46,Doc & Pkg
EXPRESS_SAVER,703,20.0,44.99,Doc & Pkg
EXPRESS_SAVER,3,22.0,44.14,Doc & Pkg
EXPRESS_SAVER,4,22.0,67.04,Doc & Pkg
EXPRESS_SAVER,5,22.0,68.5,Doc & Pkg
EXPRESS_SAVER,8,22.0,225.79,Doc & Pkg
EXPRESS_SAVER,51,22.0,113.82,Doc & Pkg
EXPRESS_SAVER,52,22.0,119.22,Doc & Pkg
EXPRESS_SAVER,505,22.0,385.45,Doc & Pkg
EXPRESS_SAVER,6,22.0,76.27,Doc & Pkg
EXPRESS_SAVER,7,22.0,85.7,Doc & Pkg
EXPRESS_SAVER,8,22.0,225.79,Doc & Pkg
EXPRESS_SAVER,9,22.0,86.44,Doc & Pkg
EXPRESS_SAVER,10,22.0,112.44,Doc & Pkg
EXPRESS_SAVER,11,22.0,201.56,Doc & Pkg
EXPRESS_SAVER,12,22.0,230.37,Doc & Pkg
EXPRESS_SAVER,13,22.0,252.87,Doc & Pkg
EXPRESS_SAVER,703,22.0,47.18,Doc & Pkg
EXPRESS_SAVER,11,22.0,134.38,Doc & Pkg
EXPRESS_SAVER,12,22.0,162.61,Doc & Pkg
EXPRESS_SAVER,13,22.0,178.49,Doc & Pkg
EXPRESS_SAVER,703,22.0,47.18,Doc & Pkg
EXPRESS_SAVER,3,24.0,46.12,Doc & Pkg
EXPRESS_SAVER,4,24.0,71.34,Doc & Pkg
EXPRESS_SAVER,5,24.0,72.58,Doc & Pkg
EXPRESS_SAVER,8,24.0,243.98,Doc & Pkg
EXPRESS_SAVER,51,24.0,123.49,Doc & Pkg
EXPRESS_SAVER,52,24.0,129.17,Doc & Pkg
EXPRESS_SAVER,505,24.0,402.3,Doc & Pkg
EXPRESS_SAVER,6,24.0,80.57,Doc & Pkg
EXPRESS_SAVER,7,24.0,90.51,Doc & Pkg
EXPRESS_SAVER,8,24.0,243.98,Doc & Pkg
EXPRESS_SAVER,9,24.0,91.9,Doc & Pkg
EXPRESS_SAVER,10,24.0,119.43,Doc & Pkg
EXPRESS_SAVER,11,24.0,216.98,Doc & Pkg
EXPRESS_SAVER,12,24.0,247.43,Doc & Pkg
EXPRESS_SAVER,13,24.0,273.04,Doc & Pkg
EXPRESS_SAVER,703,24.0,49.17,Doc & Pkg
EXPRESS_SAVER,11,24.0,144.65,Doc & Pkg
EXPRESS_SAVER,12,24.0,174.65,Doc & Pkg
EXPRESS_SAVER,13,24.0,192.73,Doc & Pkg
EXPRESS_SAVER,703,24.0,49.17,Doc & Pkg
EXPRESS_SAVER,3,26.0,48.1,Doc & Pkg
EXPRESS_SAVER,4,26.0,75.64,Doc & Pkg
EXPRESS_SAVER,5,26.0,76.66,Doc & Pkg
EXPRESS_SAVER,8,26.0,262.12,Doc & Pkg
EXPRESS_SAVER,51,26.0,133.14,Doc & Pkg
EXPRESS_SAVER,52,26.0,139.16,Doc & Pkg
EXPRESS_SAVER,505,26.0,418.95,Doc & Pkg
EXPRESS_SAVER,6,26.0,84.88,Doc & Pkg
EXPRESS_SAVER,7,26.0,95.34,Doc & Pkg
EXPRESS_SAVER,8,26.0,262.12,Doc & Pkg
EXPRESS_SAVER,9,26.0,97.39,Doc & Pkg
EXPRESS_SAVER,10,26.0,126.4,Doc & Pkg
EXPRESS_SAVER,11,26.0,232.42,Doc & Pkg
EXPRESS_SAVER,12,26.0,264.51,Doc & Pkg
EXPRESS_SAVER,13,26.0,293.21,Doc & Pkg
EXPRESS_SAVER,703,26.0,51.15,Doc & Pkg
EXPRESS_SAVER,11,26.0,154.94,Doc & Pkg
EXPRESS_SAVER,12,26.0,186.71,Doc & Pkg
EXPRESS_SAVER,13,26.0,206.97,Doc & Pkg
EXPRESS_SAVER,703,26.0,51.15,Doc & Pkg
EXPRESS_SAVER,3,28.0,50.08,Doc & Pkg
EXPRESS_SAVER,4,28.0,79.95,Doc & Pkg
EXPRESS_SAVER,5,28.0,80.74,Doc & Pkg
EXPRESS_SAVER,8,28.0,280.24,Doc & Pkg
EXPRESS_SAVER,51,28.0,142.79,Doc & Pkg
EXPRESS_SAVER,52,28.0,149.11,Doc & Pkg
EXPRESS_SAVER,505,28.0,435.8,Doc & Pkg
EXPRESS_SAVER,6,28.0,89.16,Doc & Pkg
EXPRESS_SAVER,7,28.0,100.15,Doc & Pkg
EXPRESS_SAVER,8,28.0,280.24,Doc & Pkg
EXPRESS_SAVER,9,28.0,102.87,Doc & Pkg
EXPRESS_SAVER,10,28.0,133.38,Doc & Pkg
EXPRESS_SAVER,11,28.0,247.85,Doc & Pkg
EXPRESS_SAVER,12,28.0,281.57,Doc & Pkg
EXPRESS_SAVER,13,28.0,313.36,Doc & Pkg
EXPRESS_SAVER,703,28.0,53.14,Doc & Pkg
EXPRESS_SAVER,11,28.0,165.23,Doc & Pkg
EXPRESS_SAVER,12,28.0,198.76,Doc & Pkg
EXPRESS_SAVER,13,28.0,221.2,Doc & Pkg
EXPRESS_SAVER,703,28.0,53.14,Doc & Pkg
EXPRESS_SAVER,3,30.0,52.06,Doc & Pkg
EXPRESS_SAVER,4,30.0,84.25,Doc & Pkg
EXPRESS_SAVER,5,30.0,84.82,Doc & Pkg
EXPRESS_SAVER,8,30.0,298.41,Doc & Pkg
EXPRESS_SAVER,51,30.0,152.44,Doc & Pkg
EXPRESS_SAVER,52,30.0,159.1,Doc & Pkg
EXPRESS_SAVER,505,30.0,452.65,Doc & Pkg
EXPRESS_SAVER,6,30.0,93.47,Doc & Pkg
EXPRESS_SAVER,7,30.0,104.95,Doc & Pkg
EXPRESS_SAVER,8,30.0,298.41,Doc & Pkg
EXPRESS_SAVER,9,30.0,108.35,Doc & Pkg
EXPRESS_SAVER,10,30.0,140.35,Doc & Pkg
EXPRESS_SAVER,11,30.0,263.25,Doc & Pkg
EXPRESS_SAVER,12,30.0,298.65,Doc & Pkg
EXPRESS_SAVER,13,30.0,333.52,Doc & Pkg
EXPRESS_SAVER,703,30.0,55.15,Doc & Pkg
EXPRESS_SAVER,11,30.0,175.5,Doc & Pkg
EXPRESS_SAVER,12,30.0,210.81,Doc & Pkg
EXPRESS_SAVER,13,30.0,235.43,Doc & Pkg
EXPRESS_SAVER,703,30.0,55.15,Doc & Pkg
EXPRESS_SAVER,3,35.0,71.4,Doc & Pkg
EXPRESS_SAVER,4,35.0,111.58,Doc & Pkg
EXPRESS_SAVER,5,35.0,111.96,Doc & Pkg
EXPRESS_SAVER,8,35.0,398.38,Doc & Pkg
EXPRESS_SAVER,51,35.0,226.91,Doc & Pkg
EXPRESS_SAVER,52,35.0,233.51,Doc & Pkg
EXPRESS_SAVER,505,35.0,495.45,Doc & Pkg
EXPRESS_SAVER,6,35.0,122.83,Doc & Pkg
EXPRESS_SAVER,7,35.0,137.95,Doc & Pkg
EXPRESS_SAVER,8,35.0,398.38,Doc & Pkg
EXPRESS_SAVER,9,35.0,120.97,Doc & Pkg
EXPRESS_SAVER,10,35.0,160.05,Doc & Pkg
EXPRESS_SAVER,11,35.0,295.75,Doc & Pkg
EXPRESS_SAVER,12,35.0,393.79,Doc & Pkg
EXPRESS_SAVER,13,35.0,449.14,Doc & Pkg
EXPRESS_SAVER,703,35.0,75.26,Doc & Pkg
EXPRESS_SAVER,11,35.0,230.03,Doc & Pkg
EXPRESS_SAVER,12,35.0,275.65,Doc & Pkg
EXPRESS_SAVER,13,35.0,314.4,Doc & Pkg
EXPRESS_SAVER,703,35.0,75.26,Doc & Pkg
EXPRESS_SAVER,3,40.0,77.74,Doc & Pkg
EXPRESS_SAVER,4,40.0,122.07,Doc & Pkg
EXPRESS_SAVER,5,40.0,122.1,Doc & Pkg
EXPRESS_SAVER,8,40.0,445.6,Doc & Pkg
EXPRESS_SAVER,51,40.0,254.71,Doc & Pkg
EXPRESS_SAVER,52,40.0,262.11,Doc & Pkg
EXPRESS_SAVER,505,40.0,538.4,Doc & Pkg
EXPRESS_SAVER,6,40.0,135.69,Doc & Pkg
EXPRESS_SAVER,7,40.0,152.41,Doc & Pkg
EXPRESS_SAVER,8,40.0,445.6,Doc & Pkg
EXPRESS_SAVER,9,40.0,134.11,Doc & Pkg
EXPRESS_SAVER,10,40.0,178.68,Doc & Pkg
EXPRESS_SAVER,11,40.0,331.37,Doc & Pkg
EXPRESS_SAVER,12,40.0,441.27,Doc & Pkg
EXPRESS_SAVER,13,40.0,507.18,Doc & Pkg
EXPRESS_SAVER,703,40.0,81.63,Doc & Pkg
EXPRESS_SAVER,11,40.0,257.73,Doc & Pkg
EXPRESS_SAVER,12,40.0,308.89,Doc & Pkg
EXPRESS_SAVER,13,40.0,355.03,Doc & Pkg
EXPRESS_SAVER,703,40.0,81.63,Doc & Pkg
EXPRESS_SAVER,3,45.0,84.06,Doc & Pkg
EXPRESS_SAVER,4,45.0,132.57,Doc & Pkg
EXPRESS_SAVER,5,45.0,132.74,Doc & Pkg
EXPRESS_SAVER,8,45.0,492.85,Doc & Pkg
EXPRESS_SAVER,51,45.0,282.48,Doc & Pkg
EXPRESS_SAVER,52,45.0,290.7,Doc & Pkg
EXPRESS_SAVER,505,45.0,581.3,Doc & Pkg
EXPRESS_SAVER,6,45.0,148.56,Doc & Pkg
EXPRESS_SAVER,7,45.0,166.85,Doc & Pkg
EXPRESS_SAVER,8,45.0,492.85,Doc & Pkg
EXPRESS_SAVER,9,45.0,147.2,Doc & Pkg
EXPRESS_SAVER,10,45.0,197.24,Doc & Pkg
EXPRESS_SAVER,11,45.0,366.96,Doc & Pkg
EXPRESS_SAVER,12,45.0,488.73,Doc & Pkg
EXPRESS_SAVER,13,45.0,565.18,Doc & Pkg
EXPRESS_SAVER,703,45.0,87.99,Doc & Pkg
EXPRESS_SAVER,11,45.0,285.41,Doc & Pkg
EXPRESS_SAVER,12,45.0,342.11,Doc & Pkg
EXPRESS_SAVER,13,45.0,395.63,Doc & Pkg
EXPRESS_SAVER,703,45.0,87.99,Doc & Pkg
EXPRESS_SAVER,3,50.0,90.41,Doc & Pkg
EXPRESS_SAVER,4,50.0,143.05,Doc & Pkg
EXPRESS_SAVER,5,50.0,143.11,Doc & Pkg
EXPRESS_SAVER,8,50.0,540.13,Doc & Pkg
EXPRESS_SAVER,51,50.0,310.28,Doc & Pkg
EXPRESS_SAVER,52,50.0,319.29,Doc & Pkg
EXPRESS_SAVER,505,50.0,624.4,Doc & Pkg
EXPRESS_SAVER,6,50.0,161.43,Doc & Pkg
EXPRESS_SAVER,7,50.0,181.33,Doc & Pkg
EXPRESS_SAVER,8,50.0,540.13,Doc & Pkg
EXPRESS_SAVER,9,50.0,160.32,Doc & Pkg
EXPRESS_SAVER,10,50.0,215.86,Doc & Pkg
EXPRESS_SAVER,11,50.0,402.56,Doc & Pkg
EXPRESS_SAVER,12,50.0,536.15,Doc & Pkg
EXPRESS_SAVER,13,50.0,623.22,Doc & Pkg
EXPRESS_SAVER,703,50.0,94.38,Doc & Pkg
EXPRESS_SAVER,11,50.0,313.1,Doc & Pkg
EXPRESS_SAVER,12,50.0,375.3,Doc & Pkg
EXPRESS_SAVER,13,50.0,436.25,Doc & Pkg
EXPRESS_SAVER,703,50.0,94.38,Doc & Pkg
EXPRESS_SAVER,3,55.0,96.74,Doc & Pkg
EXPRESS_SAVER,4,55.0,153.54,Doc & Pkg
EXPRESS_SAVER,5,55.0,153.61,Doc & Pkg
EXPRESS_SAVER,8,55.0,587.43,Doc & Pkg
EXPRESS_SAVER,51,55.0,338.05,Doc & Pkg
EXPRESS_SAVER,52,55.0,347.92,Doc & Pkg
EXPRESS_SAVER,505,55.0,667.25,Doc & Pkg
EXPRESS_SAVER,6,55.0,174.28,Doc & Pkg
EXPRESS_SAVER,7,55.0,195.79,Doc & Pkg
EXPRESS_SAVER,8,55.0,587.43,Doc & Pkg
EXPRESS_SAVER,9,55.0,173.44,Doc & Pkg
EXPRESS_SAVER,10,55.0,234.47,Doc & Pkg
EXPRESS_SAVER,11,55.0,438.18,Doc & Pkg
EXPRESS_SAVER,12,55.0,583.62,Doc & Pkg
EXPRESS_SAVER,13,55.0,681.2,Doc & Pkg
EXPRESS_SAVER,703,55.0,100.72,Doc & Pkg
EXPRESS_SAVER,11,55.0,340.81,Doc & Pkg
EXPRESS_SAVER,12,55.0,408.53,Doc & Pkg
EXPRESS_SAVER,13,55.0,476.84,Doc & Pkg
EXPRESS_SAVER,703,55.0,100.72,Doc & Pkg
EXPRESS_SAVER,3,60.0,103.07,Doc & Pkg
EXPRESS_SAVER,4,60.0,164.01,Doc & Pkg
EXPRESS_SAVER,5,60.0,164.02,Doc & Pkg
EXPRESS_SAVER,8,60.0,634.73,Doc & Pkg
EXPRESS_SAVER,51,60.0,365.84,Doc & Pkg
EXPRESS_SAVER,52,60.0,376.51,Doc & Pkg
EXPRESS_SAVER,505,60.0,710.2,Doc & Pkg
EXPRESS_SAVER,6,60.0,187.13,Doc & Pkg
EXPRESS_SAVER,7,60.0,210.24,Doc & Pkg
EXPRESS_SAVER,8,60.0,634.73,Doc & Pkg
EXPRESS_SAVER,9,60.0,186.63,Doc & Pkg
EXPRESS_SAVER,10,60.0,253.06,Doc & Pkg
EXPRESS_SAVER,11,60.0,473.79,Doc & Pkg
EXPRESS_SAVER,12,60.0,631.04,Doc & Pkg
EXPRESS_SAVER,13,60.0,739.21,Doc & Pkg
EXPRESS_SAVER,703,60.0,107.09,Doc & Pkg
EXPRESS_SAVER,11,60.0,368.5,Doc & Pkg
EXPRESS_SAVER,12,60.0,441.73,Doc & Pkg
EXPRESS_SAVER,13,60.0,517.45,Doc & Pkg
EXPRESS_SAVER,703,60.0,107.09,Doc & Pkg
EXPRESS_SAVER,3,65.0,109.4,Doc & Pkg
EXPRESS_SAVER,4,65.0,174.48,Doc & Pkg
EXPRESS_SAVER,5,65.0,174.55,Doc & Pkg
EXPRESS_SAVER,8,65.0,681.99,Doc & Pkg
EXPRESS_SAVER,51,65.0,393.63,Doc & Pkg
EXPRESS_SAVER,52,65.0,405.1,Doc & Pkg
EXPRESS_SAVER,505,65.0,753.1,Doc & Pkg
EXPRESS_SAVER,6,65.0,200.03,Doc & Pkg
EXPRESS_SAVER,7,65.0,224.68,Doc & Pkg
EXPRESS_SAVER,8,65.0,681.99,Doc & Pkg
EXPRESS_SAVER,9,65.0,199.72,Doc & Pkg
EXPRESS_SAVER,10,65.0,271.64,Doc & Pkg
EXPRESS_SAVER,11,65.0,509.37,Doc & Pkg
EXPRESS_SAVER,12,65.0,678.53,Doc & Pkg
EXPRESS_SAVER,13,65.0,797.25,Doc & Pkg
EXPRESS_SAVER,703,65.0,113.45,Doc & Pkg
EXPRESS_SAVER,11,65.0,396.18,Doc & Pkg
EXPRESS_SAVER,12,65.0,474.97,Doc & Pkg
EXPRESS_SAVER,13,65.0,558.07,Doc & Pkg
EXPRESS_SAVER,703,65.0,113.45,Doc & Pkg
EXPRESS_SAVER,3,70.0,115.74,Doc & Pkg
EXPRESS_SAVER,4,70.0,184.97,Doc & Pkg
EXPRESS_SAVER,5,70.0,185.12,Doc & Pkg
EXPRESS_SAVER,8,70.0,729.26,Doc & Pkg
EXPRESS_SAVER,51,70.0,421.38,Doc & Pkg
EXPRESS_SAVER,52,70.0,433.74,Doc & Pkg
EXPRESS_SAVER,505,70.0,796.15,Doc & Pkg
EXPRESS_SAVER,6,70.0,212.87,Doc & Pkg
EXPRESS_SAVER,7,70.0,239.18,Doc & Pkg
EXPRESS_SAVER,8,70.0,729.26,Doc & Pkg
EXPRESS_SAVER,9,70.0,212.85,Doc & Pkg
EXPRESS_SAVER,10,70.0,290.27,Doc & Pkg
EXPRESS_SAVER,11,70.0,545.0,Doc & Pkg
EXPRESS_SAVER,12,70.0,725.99,Doc & Pkg
EXPRESS_SAVER,13,70.0,855.26,Doc & Pkg
EXPRESS_SAVER,703,70.0,119.83,Doc & Pkg
EXPRESS_SAVER,11,70.0,423.89,Doc & Pkg
EXPRESS_SAVER,12,70.0,508.19,Doc & Pkg
EXPRESS_SAVER,13,70.0,598.68,Doc & Pkg
EXPRESS_SAVER,703,70.0,119.83,Doc & Pkg
EXPRESS_SAVER,3,9999999.0,1.65,Doc & Pkg
EXPRESS_SAVER,4,9999999.0,2.64,Doc & Pkg
EXPRESS_SAVER,5,9999999.0,2.64,Doc & Pkg
EXPRESS_SAVER,8,9999999.0,10.42,Doc & Pkg
EXPRESS_SAVER,51,9999999.0,6.02,Doc & Pkg
EXPRESS_SAVER,52,9999999.0,6.2,Doc & Pkg
EXPRESS_SAVER,505,9999999.0,11.37,Doc & Pkg
EXPRESS_SAVER,6,9999999.0,3.04,Doc & Pkg
EXPRESS_SAVER,7,9999999.0,3.42,Doc & Pkg
EXPRESS_SAVER,8,9999999.0,10.42,Doc & Pkg
EXPRESS_SAVER,9,9999999.0,3.04,Doc & Pkg
EXPRESS_SAVER,10,9999999.0,4.15,Doc & Pkg
EXPRESS_SAVER,11,9999999.0,7.78,Doc & Pkg
EXPRESS_SAVER,12,9999999.0,10.37,Doc & Pkg
EXPRESS_SAVER,13,9999999.0,12.22,Doc & Pkg
EXPRESS_SAVER,703,9999999.0,1.71,Doc & Pkg
EXPRESS_SAVER,11,9999999.0,6.05,Doc & Pkg
EXPRESS_SAVER,12,9999999.0,7.26,Doc & Pkg
EXPRESS_SAVER,13,9999999.0,8.55,Doc & Pkg
EXPRESS_SAVER,703,9999999.0,1.71,Doc & Pkg
STANDARD,1,1.0,4.39,Pkg
STANDARD,2,1.0,4.39,Pkg
STANDARD,3,1.0,4.39,Pkg
STANDARD,4,1.0,4.39,Pkg
STANDARD,11,1.0,4.37,Pkg
STANDARD,22,1.0,4.39,Pkg
STANDARD,33,1.0,4.39,Pkg
STANDARD,4,1.0,4.41,Pkg
STANDARD,4,1.0,8.36,Pkg
STANDARD,5,1.0,5.62,Pkg
STANDARD,6,1.0,5.62,Pkg
STANDARD,7,1.0,5.62,Pkg
STANDARD,61,1.0,5.62,Pkg
STANDARD,71,1.0,5.62,Pkg
STANDARD,504,1.0,35.45,Pkg
STANDARD,505,1.0,51.85,Pkg
STANDARD,506,1.0,68.35,Pkg
STANDARD,507,1.0,102.3,Pkg
STANDARD,8,1.0,19.42,Pkg
STANDARD,9,1.0,117.95,Pkg
STANDARD,704,1.0,13.07,Pkg
STANDARD,705,1.0,13.07,Pkg
STANDARD,706,1.0,13.06,Pkg
STANDARD,707,1.0,13.07,Pkg
STANDARD,1,2.0,4.92,Pkg
STANDARD,2,2.0,4.92,Pkg
STANDARD,3,2.0,4.92,Pkg
STANDARD,4,2.0,4.92,Pkg
STANDARD,11,2.0,4.91,Pkg
STANDARD,22,2.0,4.92,Pkg
STANDARD,33,2.0,4.92,Pkg
STANDARD,4,2.0,4.94,Pkg
STANDARD,4,2.0,9.02,Pkg
STANDARD,5,2.0,6.15,Pkg
STANDARD,6,2.0,6.15,Pkg
STANDARD,7,2.0,6.15,Pkg
STANDARD,61,2.0,6.15,Pkg
STANDARD,71,2.0,6.15,Pkg
STANDARD,504,2.0,37.5,Pkg
STANDARD,505,2.0,57.05,Pkg
STANDARD,506,2.0,75.7,Pkg
STANDARD,507,2.0,105.25,Pkg
STANDARD,8,2.0,22.54,Pkg
STANDARD,9,2.0,133.45,Pkg
STANDARD,704,2.0,13.7,Pkg
STANDARD,705,2.0,13.7,Pkg
STANDARD,706,2.0,13.7,Pkg
STANDARD,707,2.0,13.69,Pkg
STANDARD,1,3.0,4.92,Pkg
STANDARD,2,3.0,4.92,Pkg
STANDARD,3,3.0,4.92,Pkg
STANDARD,4,3.0,4.92,Pkg
STANDARD,11,3.0,4.89,Pkg
STANDARD,22,3.0,4.92,Pkg
STANDARD,33,3.0,4.92,Pkg
STANDARD,4,3.0,4.94,Pkg
STANDARD,4,3.0,9.65,Pkg
STANDARD,5,3.0,7.1,Pkg
STANDARD,6,3.0,7.1,Pkg
STANDARD,7,3.0,7.1,Pkg
STANDARD,61,3.0,7.1,Pkg
STANDARD,71,3.0,7.1,Pkg
STANDARD,504,3.0,39.35,Pkg
STANDARD,505,3.0,62.4,Pkg
STANDARD,506,3.0,82.6,Pkg
STANDARD,507,3.0,108.45,Pkg
STANDARD,8,3.0,24.57,Pkg
STANDARD,9,3.0,148.95,Pkg
STANDARD,704,3.0,14.24,Pkg
STANDARD,705,3.0,14.24,Pkg
STANDARD,706,3.0,14.24,Pkg
STANDARD,707,3.0,14.24,Pkg
STANDARD,1,4.0,4.92,Pkg
STANDARD,2,4.0,4.92,Pkg
STANDARD,3,4.0,4.92,Pkg
STANDARD,4,4.0,4.92,Pkg
STANDARD,11,4.0,4.9,Pkg
STANDARD,22,4.0,4.92,Pkg
STANDARD,33,4.0,4.92,Pkg
STANDARD,4,4.0,4.95,Pkg
STANDARD,4,4.0,10.42,Pkg
STANDARD,5,4.0,7.1,Pkg
STANDARD,6,4.0,7.1,Pkg
STANDARD,7,4.0,10.2,Pkg
STANDARD,61,4.0,20.19,Pkg
STANDARD,71,4.0,20.18,Pkg
STANDARD,504,4.0,41.2,Pkg
STANDARD,505,4.0,67.75,Pkg
STANDARD,506,4.0,90.05,Pkg
STANDARD,507,4.0,111.45,Pkg
STANDARD,8,4.0,26.56,Pkg
STANDARD,9,4.0,164.35,Pkg
STANDARD,704,4.0,14.77,Pkg
STANDARD,705,4.0,14.77,Pkg
STANDARD,706,4.0,14.77,Pkg
STANDARD,707,4.0,14.77,Pkg
STANDARD,1,5.0,4.92,Pkg
STANDARD,2,5.0,4.92,Pkg
STANDARD,3,5.0,4.92,Pkg
STANDARD,4,5.0,4.92,Pkg
STANDARD,11,5.0,4.92,Pkg
STANDARD,22,5.0,4.92,Pkg
STANDARD,33,5.0,4.92,Pkg
STANDARD,4,5.0,4.94,Pkg
STANDARD,4,5.0,11.07,Pkg
STANDARD,5,5.0,7.1,Pkg
STANDARD,6,5.0,7.1,Pkg
STANDARD,7,5.0,10.84,Pkg
STANDARD,61,5.0,21.35,Pkg
STANDARD,71,5.0,21.35,Pkg
STANDARD,504,5.0,43.15,Pkg
STANDARD,505,5.0,72.9,Pkg
STANDARD,506,5.0,97.2,Pkg
STANDARD,507,5.0,115.1,Pkg
STANDARD,8,5.0,28.55,Pkg
STANDARD,9,5.0,179.85,Pkg
STANDARD,704,5.0,15.3,Pkg
STANDARD,705,5.0,15.3,Pkg
STANDARD,706,5.0,15.3,Pkg
STANDARD,707,5.0,15.31,Pkg
STANDARD,1,6.0,7.34,Pkg
STANDARD,2,6.0,7.34,Pkg
STANDARD,3,6.0,7.34,Pkg
STANDARD,4,6.0,7.34,Pkg
STANDARD,11,6.0,7.33,Pkg
STANDARD,22,6.0,7.34,Pkg
STANDARD,33,6.0,7.34,Pkg
STANDARD,4,6.0,7.38,Pkg
STANDARD,4,6.0,11.7,Pkg
STANDARD,5,6.0,9.02,Pkg
STANDARD,6,6.0,9.02,Pkg
STANDARD,7,6.0,11.47,Pkg
STANDARD,61,6.0,22.41,Pkg
STANDARD,71,6.0,22.41,Pkg
STANDARD,504,6.0,44.9,Pkg
STANDARD,505,6.0,85.15,Pkg
STANDARD,506,6.0,111.05,Pkg
STANDARD,507,6.0,141.15,Pkg
STANDARD,8,6.0,30.14,Pkg
STANDARD,9,6.0,187.25,Pkg
STANDARD,704,6.0,15.83,Pkg
STANDARD,705,6.0,15.83,Pkg
STANDARD,706,6.0,15.83,Pkg
STANDARD,707,6.0,15.83,Pkg
STANDARD,1,7.0,7.34,Pkg
STANDARD,2,7.0,7.34,Pkg
STANDARD,3,7.0,7.34,Pkg
STANDARD,4,7.0,7.34,Pkg
STANDARD,11,7.0,7.31,Pkg
STANDARD,22,7.0,7.34,Pkg
STANDARD,33,7.0,7.34,Pkg
STANDARD,4,7.0,7.39,Pkg
STANDARD,4,7.0,12.37,Pkg
STANDARD,5,7.0,9.02,Pkg
STANDARD,6,7.0,9.02,Pkg
STANDARD,7,7.0,12.1,Pkg
STANDARD,61,7.0,23.47,Pkg
STANDARD,71,7.0,23.47,Pkg
STANDARD,504,7.0,46.8,Pkg
STANDARD,505,7.0,97.2,Pkg
STANDARD,506,7.0,124.85,Pkg
STANDARD,507,7.0,167.75,Pkg
STANDARD,8,7.0,31.72,Pkg
STANDARD,9,7.0,194.55,Pkg
STANDARD,704,7.0,16.36,Pkg
STANDARD,705,7.0,16.36,Pkg
STANDARD,706,7.0,16.36,Pkg
STANDARD,707,7.0,16.37,Pkg
STANDARD,1,8.0,7.34,Pkg
STANDARD,2,8.0,7.34,Pkg
STANDARD,3,8.0,7.34,Pkg
STANDARD,4,8.0,7.34,Pkg
STANDARD,11,8.0,7.3,Pkg
STANDARD,22,8.0,7.34,Pkg
STANDARD,33,8.0,7.34,Pkg
STANDARD,4,8.0,7.37,Pkg
STANDARD,4,8.0,13.02,Pkg
STANDARD,5,8.0,9.02,Pkg
STANDARD,6,8.0,9.02,Pkg
STANDARD,7,8.0,12.75,Pkg
STANDARD,61,8.0,24.54,Pkg
STANDARD,71,8.0,24.54,Pkg
STANDARD,504,8.0,48.7,Pkg
STANDARD,505,8.0,109.55,Pkg
STANDARD,506,8.0,138.85,Pkg
STANDARD,507,8.0,189.9,Pkg
STANDARD,8,8.0,33.31,Pkg
STANDARD,9,8.0,201.9,Pkg
STANDARD,704,8.0,16.88,Pkg
STANDARD,705,8.0,16.89,Pkg
STANDARD,706,8.0,16.88,Pkg
STANDARD,707,8.0,16.89,Pkg
STANDARD,1,9.0,7.34,Pkg
STANDARD,2,9.0,7.34,Pkg
STANDARD,3,9.0,7.34,Pkg
STANDARD,4,9.0,7.34,Pkg
STANDARD,11,9.0,7.33,Pkg
STANDARD,22,9.0,7.34,Pkg
STANDARD,33,9.0,7.34,Pkg
STANDARD,4,9.0,7.38,Pkg
STANDARD,4,9.0,13.78,Pkg
STANDARD,5,9.0,9.02,Pkg
STANDARD,6,9.0,9.01,Pkg
STANDARD,7,9.0,13.49,Pkg
STANDARD,61,9.0,25.71,Pkg
STANDARD,71,9.0,25.7,Pkg
STANDARD,504,9.0,50.6,Pkg
STANDARD,505,9.0,121.55,Pkg
STANDARD,506,9.0,152.65,Pkg
STANDARD,507,9.0,211.95,Pkg
STANDARD,8,9.0,34.92,Pkg
STANDARD,9,9.0,209.4,Pkg
STANDARD,704,9.0,17.54,Pkg
STANDARD,705,9.0,17.53,Pkg
STANDARD,706,9.0,17.54,Pkg
STANDARD,707,9.0,17.52,Pkg
STANDARD,1,10.0,7.34,Pkg
STANDARD,2,10.0,7.34,Pkg
STANDARD,3,10.0,7.34,Pkg
STANDARD,4,10.0,7.34,Pkg
STANDARD,11,10.0,7.3,Pkg
STANDARD,22,10.0,7.34,Pkg
STANDARD,33,10.0,7.34,Pkg
STANDARD,4,10.0,7.38,Pkg
STANDARD,4,10.0,14.42,Pkg
STANDARD,5,10.0,9.01,Pkg
STANDARD,6,10.0,9.02,Pkg
STANDARD,7,10.0,14.13,Pkg
STANDARD,61,10.0,26.78,Pkg
STANDARD,71,10.0,26.77,Pkg
STANDARD,504,10.0,52.35,Pkg
STANDARD,505,10.0,133.85,Pkg
STANDARD,506,10.0,166.6,Pkg
STANDARD,507,10.0,234.0,Pkg
STANDARD,8,10.0,36.52,Pkg
STANDARD,9,10.0,216.8,Pkg
STANDARD,704,10.0,18.07,Pkg
STANDARD,705,10.0,18.07,Pkg
STANDARD,706,10.0,18.06,Pkg
STANDARD,707,10.0,18.07,Pkg
STANDARD,1,12.0,8.69,Pkg
STANDARD,2,12.0,8.69,Pkg
STANDARD,3,12.0,8.69,Pkg
STANDARD,4,12.0,8.69,Pkg
STANDARD,11,12.0,8.68,Pkg
STANDARD,22,12.0,8.69,Pkg
STANDARD,33,12.0,8.69,Pkg
STANDARD,4,12.0,8.74,Pkg
STANDARD,4,12.0,15.73,Pkg
STANDARD,5,12.0,11.44,Pkg
STANDARD,6,12.0,11.45,Pkg
STANDARD,7,12.0,15.39,Pkg
STANDARD,61,12.0,27.83,Pkg
STANDARD,71,12.0,27.83,Pkg
STANDARD,504,12.0,54.55,Pkg
STANDARD,505,12.0,142.8,Pkg
STANDARD,506,12.0,175.95,Pkg
STANDARD,507,12.0,252.8,Pkg
STANDARD,8,12.0,39.66,Pkg
STANDARD,9,12.0,238.45,Pkg
STANDARD,704,12.0,19.12,Pkg
STANDARD,705,12.0,19.12,Pkg
STANDARD,706,12.0,19.13,Pkg
STANDARD,707,12.0,19.11,Pkg
STANDARD,1,14.0,8.69,Pkg
STANDARD,2,14.0,8.69,Pkg
STANDARD,3,14.0,8.69,Pkg
STANDARD,4,14.0,8.69,Pkg
STANDARD,11,14.0,8.66,Pkg
STANDARD,22,14.0,8.69,Pkg
STANDARD,33,14.0,8.69,Pkg
STANDARD,4,14.0,8.77,Pkg
STANDARD,4,14.0,17.03,Pkg
STANDARD,5,14.0,11.45,Pkg
STANDARD,6,14.0,11.45,Pkg
STANDARD,7,14.0,16.67,Pkg
STANDARD,61,14.0,28.89,Pkg
STANDARD,71,14.0,28.9,Pkg
STANDARD,504,14.0,56.5,Pkg
STANDARD,505,14.0,151.7,Pkg
STANDARD,506,14.0,185.35,Pkg
STANDARD,507,14.0,263.15,Pkg
STANDARD,8,14.0,42.83,Pkg
STANDARD,9,14.0,260.05,Pkg
STANDARD,704,14.0,20.19,Pkg
STANDARD,705,14.0,20.19,Pkg
STANDARD,706,14.0,20.2,Pkg
STANDARD,707,14.0,20.18,Pkg
STANDARD,1,16.0,9.77,Pkg
STANDARD,2,16.0,9.77,Pkg
STANDARD,3,16.0,9.77,Pkg
STANDARD,4,16.0,9.77,Pkg
STANDARD,11,16.0,9.76,Pkg
STANDARD,22,16.0,9.77,Pkg
STANDARD,33,16.0,9.77,Pkg
STANDARD,4,16.0,9.81,Pkg
STANDARD,4,16.0,18.45,Pkg
STANDARD,5,16.0,11.45,Pkg
STANDARD,6,16.0,11.44,Pkg
STANDARD,7,16.0,18.07,Pkg
STANDARD,61,16.0,30.06,Pkg
STANDARD,71,16.0,30.07,Pkg
STANDARD,504,16.0,58.75,Pkg
STANDARD,505,16.0,160.9,Pkg
STANDARD,506,16.0,194.75,Pkg
STANDARD,507,16.0,273.5,Pkg
STANDARD,8,16.0,46.01,Pkg
STANDARD,9,16.0,282.0,Pkg
STANDARD,704,16.0,21.35,Pkg
STANDARD,705,16.0,21.36,Pkg
STANDARD,706,16.0,21.35,Pkg
STANDARD,707,16.0,21.36,Pkg
STANDARD,1,18.0,9.77,Pkg
STANDARD,2,18.0,9.77,Pkg
STANDARD,3,18.0,9.77,Pkg
STANDARD,4,18.0,9.77,Pkg
STANDARD,11,18.0,9.73,Pkg
STANDARD,22,18.0,9.77,Pkg
STANDARD,33,18.0,9.77,Pkg
STANDARD,4,18.0,9.83,Pkg
STANDARD,4,18.0,20.37,Pkg
STANDARD,5,18.0,14.32,Pkg
STANDARD,6,18.0,14.31,Pkg
STANDARD,7,18.0,19.97,Pkg
STANDARD,61,18.0,31.12,Pkg
STANDARD,71,18.0,31.12,Pkg
STANDARD,504,18.0,60.85,Pkg
STANDARD,505,18.0,169.6,Pkg
STANDARD,506,18.0,204.1,Pkg
STANDARD,507,18.0,283.8,Pkg
STANDARD,8,18.0,49.18,Pkg
STANDARD,9,18.0,304.1,Pkg
STANDARD,704,18.0,22.42,Pkg
STANDARD,705,18.0,22.43,Pkg
STANDARD,706,18.0,22.42,Pkg
STANDARD,707,18.0,22.43,Pkg
STANDARD,1,20.0,9.77,Pkg
STANDARD,2,20.0,9.77,Pkg
STANDARD,3,20.0,9.77,Pkg
STANDARD,4,20.0,9.77,Pkg
STANDARD,11,20.0,9.74,Pkg
STANDARD,22,20.0,9.77,Pkg
STANDARD,33,20.0,9.77,Pkg
STANDARD,4,20.0,9.83,Pkg
STANDARD,4,20.0,22.45,Pkg
STANDARD,5,20.0,14.31,Pkg
STANDARD,6,20.0,14.31,Pkg
STANDARD,7,20.0,21.98,Pkg
STANDARD,61,20.0,32.19,Pkg
STANDARD,71,20.0,32.19,Pkg
STANDARD,504,20.0,62.95,Pkg
STANDARD,505,20.0,178.7,Pkg
STANDARD,506,20.0,213.65,Pkg
STANDARD,507,20.0,294.1,Pkg
STANDARD,8,20.0,52.37,Pkg
STANDARD,9,20.0,325.9,Pkg
STANDARD,704,20.0,23.48,Pkg
STANDARD,705,20.0,23.47,Pkg
STANDARD,706,20.0,23.48,Pkg
STANDARD,707,20.0,23.48,Pkg
STANDARD,1,22.0,10.0,Pkg
STANDARD,2,22.0,10.0,Pkg
STANDARD,3,22.0,10.0,Pkg
STANDARD,4,22.0,10.0,Pkg
STANDARD,11,22.0,9.99,Pkg
STANDARD,22,22.0,10.0,Pkg
STANDARD,33,22.0,10.0,Pkg
STANDARD,4,22.0,10.21,Pkg
STANDARD,4,22.0,24.39,Pkg
STANDARD,5,22.0,14.33,Pkg
STANDARD,6,22.0,14.32,Pkg
STANDARD,7,22.0,23.9,Pkg
STANDARD,61,22.0,35.47,Pkg
STANDARD,71,22.0,35.47,Pkg
STANDARD,504,22.0,65.3,Pkg
STANDARD,505,22.0,186.95,Pkg
STANDARD,506,22.0,223.7,Pkg
STANDARD,507,22.0,306.0,Pkg
STANDARD,8,22.0,54.63,Pkg
STANDARD,9,22.0,340.55,Pkg
STANDARD,704,22.0,26.24,Pkg
STANDARD,705,22.0,26.25,Pkg
STANDARD,706,22.0,26.25,Pkg
STANDARD,707,22.0,26.26,Pkg
STANDARD,1,24.0,12.56,Pkg
STANDARD,2,24.0,12.56,Pkg
STANDARD,3,24.0,12.56,Pkg
STANDARD,4,24.0,12.56,Pkg
STANDARD,11,24.0,12.54,Pkg
STANDARD,22,24.0,12.56,Pkg
STANDARD,33,24.0,12.56,Pkg
STANDARD,4,24.0,12.8,Pkg
STANDARD,4,24.0,26.46,Pkg
STANDARD,5,24.0,14.32,Pkg
STANDARD,6,24.0,14.32,Pkg
STANDARD,7,24.0,25.93,Pkg
STANDARD,61,24.0,38.76,Pkg
STANDARD,71,24.0,38.78,Pkg
STANDARD,504,24.0,67.35,Pkg
STANDARD,505,24.0,194.3,Pkg
STANDARD,506,24.0,232.8,Pkg
STANDARD,507,24.0,316.45,Pkg
STANDARD,8,24.0,56.65,Pkg
STANDARD,9,24.0,353.45,Pkg
STANDARD,704,24.0,28.9,Pkg
STANDARD,705,24.0,28.9,Pkg
STANDARD,706,24.0,28.9,Pkg
STANDARD,707,24.0,28.88,Pkg
STANDARD,1,26.0,16.58,Pkg
STANDARD,2,26.0,16.58,Pkg
STANDARD,3,26.0,16.58,Pkg
STANDARD,4,26.0,16.58,Pkg
STANDARD,11,26.0,16.56,Pkg
STANDARD,22,26.0,16.58,Pkg
STANDARD,33,26.0,16.58,Pkg
STANDARD,4,26.0,16.91,Pkg
STANDARD,4,26.0,28.4,Pkg
STANDARD,5,26.0,17.98,Pkg
STANDARD,6,26.0,17.97,Pkg
STANDARD,7,26.0,27.82,Pkg
STANDARD,61,26.0,42.05,Pkg
STANDARD,71,26.0,42.04,Pkg
STANDARD,504,26.0,69.4,Pkg
STANDARD,505,26.0,201.5,Pkg
STANDARD,506,26.0,241.65,Pkg
STANDARD,507,26.0,326.85,Pkg
STANDARD,8,26.0,58.66,Pkg
STANDARD,9,26.0,366.75,Pkg
STANDARD,704,26.0,31.65,Pkg
STANDARD,705,26.0,31.66,Pkg
STANDARD,706,26.0,31.66,Pkg
STANDARD,707,26.0,31.65,Pkg
STANDARD,1,28.0,16.58,Pkg
STANDARD,2,28.0,16.58,Pkg
STANDARD,3,28.0,16.58,Pkg
STANDARD,4,28.0,16.58,Pkg
STANDARD,11,28.0,16.56,Pkg
STANDARD,22,28.0,16.58,Pkg
STANDARD,33,28.0,16.58,Pkg
STANDARD,4,28.0,16.91,Pkg
STANDARD,4,28.0,30.46,Pkg
STANDARD,5,28.0,17.96,Pkg
STANDARD,6,28.0,17.97,Pkg
STANDARD,7,28.0,29.84,Pkg
STANDARD,61,28.0,45.36,Pkg
STANDARD,71,28.0,45.33,Pkg
STANDARD,504,28.0,71.45,Pkg
STANDARD,505,28.0,208.85,Pkg
STANDARD,506,28.0,250.65,Pkg
STANDARD,507,28.0,337.25,Pkg
STANDARD,8,28.0,60.69,Pkg
STANDARD,9,28.0,379.6,Pkg
STANDARD,704,28.0,34.42,Pkg
STANDARD,705,28.0,34.43,Pkg
STANDARD,706,28.0,34.43,Pkg
STANDARD,707,28.0,34.43,Pkg
STANDARD,1,30.0,16.58,Pkg
STANDARD,2,30.0,16.58,Pkg
STANDARD,3,30.0,16.58,Pkg
STANDARD,4,30.0,16.58,Pkg
STANDARD,11,30.0,16.56,Pkg
STANDARD,22,30.0,16.58,Pkg
STANDARD,33,30.0,16.58,Pkg
STANDARD,4,30.0,16.93,Pkg
STANDARD,4,30.0,32.4,Pkg
STANDARD,5,30.0,17.98,Pkg
STANDARD,6,30.0,17.96,Pkg
STANDARD,7,30.0,31.77,Pkg
STANDARD,61,30.0,48.55,Pkg
STANDARD,71,30.0,48.54,Pkg
STANDARD,504,30.0,73.6,Pkg
STANDARD,505,30.0,219.35,Pkg
STANDARD,506,30.0,259.7,Pkg
STANDARD,507,30.0,347.75,Pkg
STANDARD,8,30.0,62.71,Pkg
STANDARD,9,30.0,392.65,Pkg
STANDARD,704,30.0,37.18,Pkg
STANDARD,705,30.0,37.17,Pkg
STANDARD,706,30.0,37.17,Pkg
STANDARD,707,30.0,37.18,Pkg
STANDARD,1,40.0,27.87,Pkg
STANDARD,2,40.0,27.88,Pkg
STANDARD,3,40.0,27.87,Pkg
STANDARD,4,40.0,27.87,Pkg
STANDARD,11,40.0,27.85,Pkg
STANDARD,22,40.0,27.88,Pkg
STANDARD,33,40.0,27.87,Pkg
STANDARD,4,40.0,28.42,Pkg
STANDARD,4,40.0,39.15,Pkg
STANDARD,5,40.0,38.35,Pkg
STANDARD,6,40.0,38.34,Pkg
STANDARD,7,40.0,38.33,Pkg
STANDARD,61,40.0,51.82,Pkg
STANDARD,71,40.0,51.83,Pkg
STANDARD,504,40.0,85.6,Pkg
STANDARD,505,40.0,229.75,Pkg
STANDARD,506,40.0,279.2,Pkg
STANDARD,507,40.0,371.35,Pkg
STANDARD,8,40.0,66.37,Pkg
STANDARD,9,40.0,432.3,Pkg
STANDARD,704,40.0,43.65,Pkg
STANDARD,705,40.0,43.64,Pkg
STANDARD,706,40.0,43.67,Pkg
STANDARD,707,40.0,43.66,Pkg
STANDARD,1,50.0,32.31,Pkg
STANDARD,2,50.0,32.31,Pkg
STANDARD,3,50.0,32.32,Pkg
STANDARD,4,50.0,32.31,Pkg
STANDARD,11,50.0,32.28,Pkg
STANDARD,22,50.0,32.31,Pkg
STANDARD,33,50.0,32.32,Pkg
STANDARD,4,50.0,32.97,Pkg
STANDARD,4,50.0,45.85,Pkg
STANDARD,5,50.0,44.93,Pkg
STANDARD,6,50.0,44.93,Pkg
STANDARD,7,50.0,44.94,Pkg
STANDARD,61,50.0,55.11,Pkg
STANDARD,71,50.0,55.13,Pkg
STANDARD,504,50.0,97.65,Pkg
STANDARD,505,50.0,240.25,Pkg
STANDARD,506,50.0,298.85,Pkg
STANDARD,507,50.0,395.35,Pkg
STANDARD,8,50.0,70.08,Pkg
STANDARD,9,50.0,447.05,Pkg
STANDARD,704,50.0,50.24,Pkg
STANDARD,705,50.0,50.25,Pkg
STANDARD,706,50.0,50.23,Pkg
STANDARD,707,50.0,50.23,Pkg
STANDARD,1,60.0,36.76,Pkg
STANDARD,2,60.0,36.76,Pkg
STANDARD,3,60.0,36.76,Pkg
STANDARD,4,60.0,36.76,Pkg
STANDARD,11,60.0,36.64,Pkg
STANDARD,22,60.0,36.76,Pkg
STANDARD,33,60.0,36.76,Pkg
STANDARD,4,60.0,37.49,Pkg
STANDARD,4,60.0,52.47,Pkg
STANDARD,5,60.0,51.41,Pkg
STANDARD,6,60.0,51.41,Pkg
STANDARD,7,60.0,51.41,Pkg
STANDARD,61,60.0,58.43,Pkg
STANDARD,71,60.0,58.41,Pkg
STANDARD,504,60.0,109.55,Pkg
STANDARD,505,60.0,250.8,Pkg
STANDARD,506,60.0,318.25,Pkg
STANDARD,507,60.0,419.15,Pkg
STANDARD,8,60.0,73.74,Pkg
STANDARD,9,60.0,461.35,Pkg
STANDARD,704,60.0,56.83,Pkg
STANDARD,705,60.0,56.83,Pkg
STANDARD,706,60.0,56.84,Pkg
STANDARD,707,60.0,56.81,Pkg
STANDARD,1,70.0,41.32,Pkg
STANDARD,2,70.0,41.31,Pkg
STANDARD,3,70.0,41.31,Pkg
STANDARD,4,70.0,41.31,Pkg
STANDARD,11,70.0,41.25,Pkg
STANDARD,22,70.0,41.31,Pkg
STANDARD,33,70.0,41.31,Pkg
STANDARD,4,70.0,42.19,Pkg
STANDARD,4,70.0,59.16,Pkg
STANDARD,5,70.0,57.99,Pkg
STANDARD,6,70.0,57.99,Pkg
STANDARD,7,70.0,57.97,Pkg
STANDARD,61,70.0,61.71,Pkg
STANDARD,71,70.0,61.71,Pkg
STANDARD,504,70.0,121.65,Pkg
STANDARD,505,70.0,261.2,Pkg
STANDARD,506,70.0,337.65,Pkg
STANDARD,507,70.0,443.0,Pkg
STANDARD,8,70.0,77.42,Pkg
STANDARD,9,70.0,475.9,Pkg
STANDARD,704,70.0,63.31,Pkg
STANDARD,705,70.0,63.31,Pkg
STANDARD,706,70.0,63.3,Pkg
STANDARD,707,70.0,63.3,Pkg
